Quantidade,Valor inicial,Valor final,Possibilidades,Tempo Total
4000,-250,250,31500,.370790
4000,-500,500,119430,1.074934
4000,-1000,1000,322158,1.516215
4000,-2000,2000,522985,2.323270
4000,-4000,4000,494035,2.553211
4000,-16000,16000,207979,2.675947
