Quantidade,Valor inicial,Valor final,Possibilidades,Tempo Total
1000,-250,250,20630,0.087250
1000,-500,500,33673,0.193155
1000,-1000,1000,29474,0.271929
1000,-2000,2000,21736,0.348788
1000,-4000,4000,12134,0.321007
1000,-16000,16000,3890,0.255004
