Quantidade,Valor inicial,Valor final,Possibilidades,Tempo Total
16000,-250,250,31501,1.219141
16000,-500,500,125501,2.480630
16000,-1000,1000,499189,5.248683
16000,-2000,2000,1894258,11.800625
16000,-4000,4000,5184592,23.412362
16000,-16000,16000,7779841,42.224489
