Quantidade,Media
250,0.0137221666667
500,0.1629923333333
1000,0.246188833333
2000,0.5836795
4000,1.7523945
16000,14.397655
